region,hydro_year,dry,hot_dry,prob,climatology,rain_early_z
Aleppo,1995,False,False,0.03154858661744013,0.4375,1.7457280070665337
Damascus,1995,False,False,0.002867000332927987,0.4375,2.2413556528561043
Daraa,1995,False,False,0.006901799737491852,0.4375,1.7671949146846357
Deir ez-Zor,1995,True,False,0.13051077474852069,0.4375,0.6226414066825326
Hasakah,1995,False,False,5.508620858502145e-06,0.4375,4.575480662812183
Homs,1995,False,False,0.001534020230593802,0.4375,2.7648668636299787
Latakia,1995,False,False,0.025629365339278048,0.4375,1.2361085115503987
Raqqa,1995,False,False,0.007922008107851482,0.4375,2.0819399256819437
Aleppo,1996,False,False,0.2507651944893096,0.41346153846153844,0.057444565192707096
Damascus,1996,False,False,0.4921904952330036,0.41346153846153844,-0.6055380343869691
Daraa,1996,True,False,0.6780180555426105,0.41346153846153844,-0.9735795278033764
Deir ez-Zor,1996,True,False,0.8558729246301989,0.41346153846153844,-1.2227295293092775
Hasakah,1996,False,False,0.880374542817576,0.41346153846153844,-1.6061442775165844
Homs,1996,True,False,0.25558083957430183,0.41346153846153844,-0.013356726764583576
Latakia,1996,False,False,0.28099009236420025,0.41346153846153844,-0.13790323332831433
Raqqa,1996,False,False,0.46717206343980644,0.41346153846153844,-0.38749677173166186
Aleppo,1997,False,False,0.07548945640188412,0.4107142857142857,1.6190275078372707
Damascus,1997,False,False,0.4582744968844765,0.4107142857142857,-0.19249104873004444
Daraa,1997,False,False,0.3724345087042598,0.4107142857142857,-0.012380500566220086
Deir ez-Zor,1997,False,False,0.4802746134613681,0.4107142857142857,0.25230239279415073
Hasakah,1997,False,False,0.235289253606788,0.4107142857142857,0.6892988512162369
Homs,1997,False,False,0.12248876740290843,0.4107142857142857,1.1538661295699726
Latakia,1997,False,False,0.023824045856718195,0.4107142857142857,1.451879924900985
Raqqa,1997,False,False,0.12713298097352901,0.4107142857142857,0.9877413069446132
Aleppo,1998,False,False,0.003146587037614,0.38333333333333336,2.14066558243903
Damascus,1998,False,False,0.3407624783080722,0.38333333333333336,-0.13301766853878172
Daraa,1998,False,False,0.22395769649591646,0.38333333333333336,0.2844539571750708
Deir ez-Zor,1998,False,False,0.02128947724437639,0.38333333333333336,1.4350539076781417
Hasakah,1998,False,False,0.06478382763329056,0.38333333333333336,0.7958660672134057
Homs,1998,False,False,0.041539624633992266,0.38333333333333336,0.8764564280187525
Latakia,1998,False,False,0.004677717925678415,0.38333333333333336,1.6231668928944991
Raqqa,1998,False,False,0.0027875853743897444,0.38333333333333336,2.5326748852399863
Aleppo,1999,False,False,0.3484984737258895,0.359375,0.10923027194417842
Damascus,1999,True,True,0.9304114915964772,0.359375,-1.729845130862481
Daraa,1999,True,True,0.8998167419528963,0.359375,-1.7389237148664465
Deir ez-Zor,1999,True,True,0.7188542179515136,0.359375,-0.9424183707039637
Hasakah,1999,True,True,0.828909966913151,0.359375,-1.3941609642147366
Homs,1999,True,True,0.7646548453192028,0.359375,-0.9367651460151565
Latakia,1999,False,False,0.1938844666063505,0.359375,0.5883141554785757
Raqqa,1999,True,True,0.5266712242580343,0.359375,-0.3483738626109919
Aleppo,2000,False,False,0.8451837472936854,0.38235294117647056,-0.9855970192417576
Damascus,2000,True,False,0.9543318613818349,0.38235294117647056,-1.5367935592020514
Daraa,2000,True,False,0.9581212676482219,0.38235294117647056,-1.5640650364153867
Deir ez-Zor,2000,False,False,0.917790469985078,0.38235294117647056,-1.2953822021094585
Hasakah,2000,True,False,0.8373022331818778,0.38235294117647056,-0.8916444184701341
Homs,2000,True,False,0.8538109162094009,0.38235294117647056,-0.9660876082561578
Latakia,2000,False,False,0.38958290397046225,0.38235294117647056,-0.5933434364787382
Raqqa,2000,True,False,0.8747119000218576,0.38235294117647056,-1.2725954372163921
Aleppo,2001,False,False,0.4539134330939096,0.3958333333333333,0.1154800541682977
Damascus,2001,True,False,0.49064948244901646,0.3958333333333333,-0.05017120176494261
Daraa,2001,True,False,0.4076544758896938,0.3958333333333333,0.1132456601992641
Deir ez-Zor,2001,False,False,0.03524614374022294,0.3958333333333333,1.5402321555401743
Hasakah,2001,False,False,0.10776633242209414,0.3958333333333333,1.3009275075177162
Homs,2001,False,False,0.37061958818338103,0.3958333333333333,0.3078032350966388
Latakia,2001,False,False,0.6213527558785579,0.3958333333333333,-0.32262674108687256
Raqqa,2001,False,False,0.09772143570998466,0.3958333333333333,1.1677756315014562
Aleppo,2002,False,False,0.00041239703760004607,0.3881578947368421,3.560878808903013
Damascus,2002,False,False,0.20811992368579,0.3881578947368421,0.30314644281952435
Daraa,2002,False,False,0.2574636434568382,0.3881578947368421,0.11463425696430428
Deir ez-Zor,2002,False,False,0.14946383906485752,0.3881578947368421,0.42062347541951045
Hasakah,2002,False,False,0.44847659927027755,0.3881578947368421,-0.18554421287786024
Homs,2002,True,False,0.20526699716470487,0.3881578947368421,0.23108858405410854
Latakia,2002,False,False,0.0005247407922748606,0.3881578947368421,3.332410627190155
Raqqa,2002,False,False,0.0053828992884475384,0.3881578947368421,2.3960741161875663
Aleppo,2003,False,False,0.49155161637523476,0.375,-0.5311293961975004
Damascus,2003,False,False,0.14194128688383617,0.375,0.5659838372568133
Daraa,2003,False,False,0.10861574816759251,0.375,0.7421917615798178
Deir ez-Zor,2003,False,False,0.31660899961845174,0.375,-0.03363575428190416
Hasakah,2003,False,False,0.630579873170553,0.375,-0.5223615017119131
Homs,2003,False,False,0.4054154101049793,0.375,-0.06281680363162062
Latakia,2003,False,False,0.36738227735906387,0.375,-0.35886434732325395
Raqqa,2003,False,False,0.3825978098131292,0.375,-0.36527632609004007
Aleppo,2004,False,False,0.019977869203325074,0.35714285714285715,1.385461794350366
Damascus,2004,False,False,0.045504072084158284,0.35714285714285715,0.7637642087789721
Daraa,2004,False,False,0.05812915539002715,0.35714285714285715,0.3472054134088737
Deir ez-Zor,2004,False,False,0.39969468397989333,0.35714285714285715,-0.35739278306355915
Hasakah,2004,False,False,0.41898162702364544,0.35714285714285715,-0.3163874392313017
Homs,2004,False,False,0.13519054688488863,0.35714285714285715,0.07730734882941774
Latakia,2004,False,False,0.044083883417861895,0.35714285714285715,0.7919099927066603
Raqqa,2004,False,False,0.02663593659572662,0.35714285714285715,1.1404204722177052
Aleppo,2005,False,False,0.012895738562584691,0.3409090909090909,1.034536282286386
Damascus,2005,False,False,0.10354386916176275,0.3409090909090909,0.039839337474581765
Daraa,2005,False,False,0.1268642014441214,0.3409090909090909,0.007255974401402683
Deir ez-Zor,2005,True,False,0.07755065066578572,0.3409090909090909,0.2845507891674954
Hasakah,2005,True,False,0.05848922101227322,0.3409090909090909,0.5266700272984457
Homs,2005,True,False,0.6942324340477104,0.3409090909090909,-1.3142716383176831
Latakia,2005,False,False,0.26090533006042316,0.3409090909090909,-0.2766265366671717
Raqqa,2005,False,False,0.013557418799205427,0.3409090909090909,0.8543902378487349
Aleppo,2006,False,False,0.30699045118537205,0.3423913043478261,-0.3902428254880895
Damascus,2006,False,False,0.16533428827267033,0.3423913043478261,0.18945790056310222
Daraa,2006,True,False,0.4217781725800832,0.3423913043478261,-0.2939389588459152
Deir ez-Zor,2006,False,False,0.32441607172910647,0.3423913043478261,-0.10763926633437401
Hasakah,2006,True,False,0.6259896196476655,0.3423913043478261,-0.6593748078466725
Homs,2006,True,False,0.6481558998255805,0.3423913043478261,-0.74514834492094
Latakia,2006,False,False,0.6384466805155129,0.3423913043478261,-0.8381331335833937
Raqqa,2006,False,False,0.21835427856312145,0.3423913043478261,-0.11904180006165478
Aleppo,2007,False,False,0.25827600860776706,0.34375,-0.3053186325153348
Damascus,2007,False,False,0.20972533477697594,0.34375,-0.04765180985385395
Daraa,2007,False,False,0.5527778157086313,0.34375,-0.2938100936882663
Deir ez-Zor,2007,False,False,0.0010056127535198868,0.34375,2.6989054702543016
Hasakah,2007,False,False,0.04093921227895413,0.34375,0.8636054192403243
Homs,2007,False,False,0.3244350986133441,0.34375,-0.3011750570320078
Latakia,2007,False,False,0.17167202599728945,0.34375,-0.12232833914480164
Raqqa,2007,False,False,0.1238164513738084,0.34375,-0.001115224373279026
Aleppo,2008,True,False,0.26802678817189907,0.33,0.09686378331205404
Damascus,2008,True,True,0.2790889825819596,0.33,-0.3443109620681193
Daraa,2008,True,True,0.5640855747879725,0.33,-0.8096239528529163
Deir ez-Zor,2008,True,True,0.7056802725099599,0.33,-1.3017772433915777
Hasakah,2008,True,True,0.8030238181100631,0.33,-1.3770924453404378
Homs,2008,False,False,0.05026776609088644,0.33,0.49057153737127096
Latakia,2008,False,False,0.22927795128954612,0.33,0.2098650492889624
Raqqa,2008,True,True,0.5495935095564105,0.33,-0.680500002366625
Aleppo,2009,False,False,0.26160574038588125,0.34615384615384615,-0.22798026487985928
Damascus,2009,True,False,0.8127776507399973,0.34615384615384615,-0.9332733027926245
Daraa,2009,True,False,0.7568972936372093,0.34615384615384615,-0.7238475017495848
Deir ez-Zor,2009,True,False,0.7155425298505538,0.34615384615384615,-0.4749701621922841
Hasakah,2009,True,False,0.7676582092481086,0.34615384615384615,-0.6567112035284743
Homs,2009,False,False,0.3183360484802015,0.34615384615384615,-0.056235751286613955
Latakia,2009,False,False,0.324297092007657,0.34615384615384615,-0.5129766481594588
Raqqa,2009,True,False,0.6366620200454632,0.34615384615384615,-0.5030087828999458
Aleppo,2010,False,False,0.06059996273012326,0.35648148148148145,0.7393099479772167
Damascus,2010,False,False,0.06960166282293305,0.35648148148148145,0.8688559100132579
Daraa,2010,False,False,0.05553505344554872,0.35648148148148145,1.1530988391882844
Deir ez-Zor,2010,True,True,0.11716700898009406,0.35648148148148145,0.7583182590316944
Hasakah,2010,True,True,0.2644997248617933,0.35648148148148145,0.4642019626805397
Homs,2010,False,False,0.003469302909150753,0.35648148148148145,1.781050961052047
Latakia,2010,False,False,0.01372395816208454,0.35648148148148145,1.1338806734481244
Raqqa,2010,True,True,0.2271357293848043,0.35648148148148145,0.2994991433603099
Aleppo,2011,True,True,0.855737898941446,0.35714285714285715,-0.9730942435674234
Damascus,2011,False,False,0.6738163564547751,0.35714285714285715,-0.25380702450649845
Daraa,2011,False,False,0.6557394872686877,0.35714285714285715,-0.5327990511568059
Deir ez-Zor,2011,True,True,0.8714419036148043,0.35714285714285715,-0.8517986908862148
Hasakah,2011,True,True,0.9047466623474687,0.35714285714285715,-1.3320291090694696
Homs,2011,False,False,0.29875989626991334,0.35714285714285715,0.4778373287796951
Latakia,2011,False,False,0.5285148076674778,0.35714285714285715,-0.11973098041396334
Raqqa,2011,True,True,0.9429609204475295,0.35714285714285715,-1.4280456531581236
Aleppo,2012,False,False,0.03258765436392148,0.3620689655172414,1.0692044821114814
Damascus,2012,False,False,0.29946217509484063,0.3620689655172414,-0.4837482921476877
Daraa,2012,False,False,0.4715836051583705,0.3620689655172414,-0.5311515974220518
Deir ez-Zor,2012,True,False,0.35681007543331555,0.3620689655172414,-0.2194074029476386
Hasakah,2012,True,False,0.2765829679610362,0.3620689655172414,-0.08098486457989054
Homs,2012,False,False,0.003929704021294882,0.3620689655172414,1.3952382205312677
Latakia,2012,False,False,0.004496150701936292,0.3620689655172414,1.679096170027688
Raqqa,2012,False,False,0.0684614063486904,0.3620689655172414,0.7574976664627071
Aleppo,2013,False,False,1.4719267022628248e-05,0.35833333333333334,5.3260115140969875
Damascus,2013,False,False,0.06062664241879035,0.35833333333333334,1.0059128105389579
Daraa,2013,False,False,0.19452470078554163,0.35833333333333334,0.23078979331098565
Deir ez-Zor,2013,False,False,0.009493360597000174,0.35833333333333334,2.292767328146178
Hasakah,2013,False,False,0.023767495012123347,0.35833333333333334,1.8442429854407136
Homs,2013,False,False,2.184802748801548e-05,0.35833333333333334,4.730171334222269
Latakia,2013,False,False,2.2121083701987802e-05,0.35833333333333334,4.469980510026482
Raqqa,2013,False,False,0.0017123563973035045,0.35833333333333334,2.8755295653527257
Aleppo,2014,True,False,0.25639720537285493,0.3467741935483871,-1.2075258918523744
Damascus,2014,True,False,0.3596885140225652,0.3467741935483871,-0.43788703656295014
Daraa,2014,True,False,0.14119796611106417,0.3467741935483871,0.22559967201976913
Deir ez-Zor,2014,False,False,0.02557860172551179,0.3467741935483871,0.9678906447918236
Hasakah,2014,False,False,0.03197317680982936,0.3467741935483871,0.6605192731156085
Homs,2014,True,True,0.30308099212400497,0.3467741935483871,-0.9532612029744786
Latakia,2014,True,False,0.4504787856747843,0.3467741935483871,-1.6503849928514744
Raqqa,2014,False,False,0.2633086631965086,0.3467741935483871,-0.5005802548027865
Aleppo,2015,False,False,0.01650461471537316,0.35546875,1.243920862001972
Damascus,2015,False,False,0.34078061708192064,0.35546875,0.017411926126982794
Daraa,2015,False,False,0.12390292700604154,0.35546875,0.5155615302208204
Deir ez-Zor,2015,False,False,0.004436528282523475,0.35546875,1.9499959574975658
Hasakah,2015,False,False,0.0003482937007396117,0.35546875,3.151095904612659
Homs,2015,False,False,0.17739417789113324,0.35546875,0.5516079947725477
Latakia,2015,False,False,0.1070459781286551,0.35546875,0.7597185926899136
Raqqa,2015,False,False,0.004479174260604002,0.35546875,1.9903743132252352
Aleppo,2016,False,False,0.49213375535109255,0.3446969696969697,-0.8505178265999745
Damascus,2016,True,True,0.7102151261345157,0.3446969696969697,-0.912550528584303
Daraa,2016,False,False,0.155548205244308,0.3446969696969697,0.23573326230710204
Deir ez-Zor,2016,False,False,0.016435481952483948,0.3446969696969697,0.897916136426305
Hasakah,2016,False,False,0.08869209528861091,0.3446969696969697,0.19797810808450564
Homs,2016,False,False,0.2866265847822752,0.3446969696969697,-0.08531111179580893
Latakia,2016,True,True,0.7434155027384515,0.3446969696969697,-1.2183999232920277
Raqqa,2016,False,False,0.06387664212464207,0.3446969696969697,0.07895410077654741
Aleppo,2017,False,False,0.11943312069108665,0.34191176470588236,0.5873171861886084
Damascus,2017,True,True,0.1795228702889469,0.34191176470588236,0.45866354623584227
Daraa,2017,False,False,0.009445976108021776,0.34191176470588236,1.723879523319992
Deir ez-Zor,2017,False,False,0.012066881672026861,0.34191176470588236,1.030494624215089
Hasakah,2017,False,False,0.06353564824517124,0.34191176470588236,0.545739099110842
Homs,2017,True,False,0.056111720758894534,0.34191176470588236,0.8981537466601753
Latakia,2017,True,False,0.576831282383664,0.34191176470588236,-0.02193571002335798
Raqqa,2017,False,False,0.004372788270883562,0.34191176470588236,1.7510542841707435
Aleppo,2018,False,False,0.6281571547211636,0.34285714285714286,-0.6520763917504845
Damascus,2018,False,False,0.9595183940565288,0.34285714285714286,-1.8590550196681779
Daraa,2018,False,False,0.8381916679977054,0.34285714285714286,-1.3057474013712163
Deir ez-Zor,2018,False,False,0.49864279590282146,0.34285714285714286,-0.8245655056266541
Hasakah,2018,True,True,0.7617616470655867,0.34285714285714286,-1.213092437779432
Homs,2018,False,False,0.7396922873403327,0.34285714285714286,-0.7612441068060815
Latakia,2018,False,False,0.8514286195808487,0.34285714285714286,-0.9867949574936086
Raqqa,2018,False,False,0.6096208348609894,0.34285714285714286,-0.9018949511773522
Aleppo,2019,False,False,0.003646408384008999,0.3368055555555556,2.3050647877555
Damascus,2019,False,False,0.09101952940552753,0.3368055555555556,0.8961448834473347
Daraa,2019,False,False,0.00543645711842651,0.3368055555555556,2.2181059487166075
Deir ez-Zor,2019,False,False,1.220417709507437e-06,0.3368055555555556,6.1248412518090305
Hasakah,2019,False,False,6.14203776145173e-05,0.3368055555555556,4.192256740521033
Homs,2019,False,False,0.004546257013761273,0.3368055555555556,2.33460595445315
Latakia,2019,False,False,0.19440663920887616,0.3368055555555556,0.5239971793693623
Raqqa,2019,False,False,1.7876249461030017e-07,0.3368055555555556,7.515130012068028
Aleppo,2020,False,False,0.0359962832159653,0.3277027027027027,0.6754338527423062
Damascus,2020,False,False,0.043811584181642785,0.3277027027027027,0.8580965836837783
Daraa,2020,False,False,0.008600527960138578,0.3277027027027027,1.5344542220068826
Deir ez-Zor,2020,False,False,0.0004251454051341092,0.3277027027027027,1.4693328614534005
Hasakah,2020,False,False,0.013623126471010074,0.3277027027027027,0.6508229028525124
Homs,2020,False,False,0.001764754428328941,0.3277027027027027,2.3108092177633757
Latakia,2020,False,False,0.08948824106015495,0.3277027027027027,0.7666775464075171
Raqqa,2020,False,False,0.00015168678326576038,0.3277027027027027,2.3889851654640184
Aleppo,2021,False,False,0.08400393589072666,0.3190789473684211,1.8978101453471958
Damascus,2021,False,False,0.03669601016189982,0.3190789473684211,0.19062653218474349
Daraa,2021,False,False,0.03679055590334333,0.3190789473684211,0.3188375496707152
Deir ez-Zor,2021,False,False,0.010287379427572919,0.3190789473684211,0.43171535238468456
Hasakah,2021,True,True,0.23903009438642386,0.3190789473684211,-0.3627376876205977
Homs,2021,False,False,0.05860569324354937,0.3190789473684211,0.31142865985852
Latakia,2021,True,True,0.6642265548553781,0.3190789473684211,-0.8180443309046536
Raqqa,2021,False,False,0.00291748360239812,0.3190789473684211,1.7887598849364794
Aleppo,2022,True,True,0.7137918364593494,0.3173076923076923,-0.8608467612610458
Damascus,2022,False,False,0.42124707903538133,0.3173076923076923,-0.22500756876143857
Daraa,2022,False,False,0.13431922940985996,0.3173076923076923,0.2965937570207632
Deir ez-Zor,2022,False,False,0.5167540878232324,0.3173076923076923,-0.6753290453611294
Hasakah,2022,False,False,0.789644782319074,0.3173076923076923,-0.994931836892157
Homs,2022,False,False,0.03981379323531696,0.3173076923076923,0.7535326795669725
Latakia,2022,False,False,0.6226958154065981,0.3173076923076923,-0.43678597007251535
Raqqa,2022,False,False,0.5750784662877457,0.3173076923076923,-0.7509848842658594
Aleppo,2023,True,True,0.7873488081282989,0.3125,-1.152268289905923
Damascus,2023,True,True,0.7699960140175847,0.3125,-1.2904749016934562
Daraa,2023,False,False,0.1564759950837101,0.3125,-0.24271703689751803
Deir ez-Zor,2023,False,False,0.02459781735650312,0.3125,0.694219242513626
Hasakah,2023,False,False,0.0028368921011635837,0.3125,1.6409268920694646
Homs,2023,False,False,0.48830035630911606,0.3125,-0.8168142887534723
Latakia,2023,True,True,0.7493816619536183,0.3125,-1.0525732517413973
Raqqa,2023,False,False,0.13782333015008685,0.3125,0.05569664771381319
Aleppo,2024,False,False,0.38011684685802705,0.31402439024390244,-0.18209306164534694
Damascus,2024,False,False,0.02209982269018163,0.31402439024390244,1.4953429423565705
Daraa,2024,False,False,0.0022712756211908745,0.31402439024390244,1.694534288120888
Deir ez-Zor,2024,False,False,0.004700841067886887,0.31402439024390244,0.9821228824958179
Hasakah,2024,False,False,0.0033468061859100173,0.31402439024390244,1.3106325809037622
Homs,2024,False,False,2.85827765926902e-05,0.31402439024390244,6.33379139300453
Latakia,2024,False,False,0.318590750659643,0.31402439024390244,0.16840166018765612
Raqqa,2024,False,False,0.02002725325227413,0.31402439024390244,0.6527837555376846
Aleppo,2025,True,True,0.12353927912570255,0.30654761904761907,0.023223654687885967
Damascus,2025,True,True,0.5675358712629706,0.30654761904761907,-0.45974980808642535
Daraa,2025,True,True,0.5468947642516111,0.30654761904761907,-0.5506661908948063
Deir ez-Zor,2025,False,False,0.0086425113020785,0.30654761904761907,0.5952711441804877
Hasakah,2025,False,False,0.23247316118437392,0.30654761904761907,-0.4307818397349505
Homs,2025,True,True,0.04085876271280842,0.30654761904761907,0.0733739620472401
Latakia,2025,True,True,0.4446394503113414,0.30654761904761907,-0.46770230061094414
Raqqa,2025,False,False,0.07400675656331543,0.30654761904761907,0.12166926313094438
