,region,variable,slope_per_decade,p_value,significant
0,Aleppo,rain_mm,20.89679351656096,0.11054993944263783,False
1,Aleppo,temp_mean,0.402728957591731,4.012158648978017e-07,True
2,Aleppo,tmax_mean,0.42005909053190954,5.79912278327661e-06,True
3,Aleppo,soil_root,0.0034951996476550056,0.3017689787451638,False
4,Damascus,rain_mm,-4.539570119802678,0.6036386714617479,False
5,Damascus,temp_mean,0.48797307033854126,2.5800146283881573e-09,True
6,Damascus,tmax_mean,0.4863900733688075,3.6116402080446796e-07,True
7,Damascus,soil_root,-0.0026279748165542443,0.40275246755664995,False
8,Daraa,rain_mm,9.436391825229034,0.18037790427892084,False
9,Daraa,temp_mean,0.46074070500966396,4.739894905159147e-09,True
10,Daraa,tmax_mean,0.46907619492097175,4.95926791716249e-07,True
11,Daraa,soil_root,0.0020294536083578295,0.2821988088094034,False
12,Deir ez-Zor,rain_mm,24.718174770965465,0.0019033812171241281,True
13,Deir ez-Zor,temp_mean,0.39851003968523374,1.1233512441360825e-06,True
14,Deir ez-Zor,tmax_mean,0.4082207464162142,1.7168994693079552e-06,True
15,Deir ez-Zor,soil_root,0.0035258731065320862,0.008116899170608026,True
16,Hasakah,rain_mm,18.37133897110641,0.04663325638243365,True
17,Hasakah,temp_mean,0.45742601580751985,1.4145062384114646e-07,True
18,Hasakah,tmax_mean,0.4609329752699626,9.762827932483497e-07,True
19,Hasakah,soil_root,0.0035107301636738285,0.21570485750301258,False
20,Homs,rain_mm,26.496060606060606,0.002226097941132267,True
21,Homs,temp_mean,0.45794642780934236,8.827176278811349e-09,True
22,Homs,tmax_mean,0.4538173150933925,4.0757855033134747e-07,True
23,Homs,soil_root,0.006742374470370748,0.013423298761245156,True
24,Latakia,rain_mm,15.015968992248055,0.46771355776164486,False
25,Latakia,temp_mean,0.37396410208446007,3.4368080884795654e-10,True
26,Latakia,tmax_mean,0.3639724475416534,2.719483251309943e-10,True
27,Latakia,soil_root,0.00023752558565776045,0.967262117754968,False
28,Raqqa,rain_mm,36.20541226215646,0.0012028235430763367,True
29,Raqqa,temp_mean,0.3854505201166404,5.58368915773415e-06,True
30,Raqqa,tmax_mean,0.37672123614473474,4.121472807695592e-05,True
31,Raqqa,soil_root,0.010020410234611268,0.006632401723635436,True
