region,hydro_year,rain_mm,temp_mean,tmax_mean,soil_root,evap,wet_dry_spell,rain_z,temp_z,period,dry,drought,hot_dry
Aleppo,1982,342.86,17.005561643835616,24.984082191780825,0.6378356164383562,0.8678356164383562,13,-0.3340680092805748,-1.033366921624189,1982-2003,False,False,False
Aleppo,1983,436.85,16.0013698630137,23.655643835616438,0.6536438356164384,1.0551506849315069,15,0.5200902623571081,-2.351767426870755,1982-2003,False,False,False
Aleppo,1984,302.88,17.51106557377049,25.547459016393447,0.6303825136612022,0.7729234972677596,23,-0.6973965304006362,-0.369692263697016,1982-2003,True,False,False
Aleppo,1985,352.58,17.11295890410959,25.262520547945204,0.6498356164383562,0.8715342465753425,29,-0.24573501214983481,-0.8923653670292964,1982-2003,False,False,False
Aleppo,1986,331.48,17.662054794520547,25.76378082191781,0.6311232876712328,0.8516164383561643,15,-0.43748668287602993,-0.1714589493785823,1982-2003,False,False,False
Aleppo,1987,369.29,17.156301369863016,25.181643835616438,0.6471780821917809,0.9156986301369864,29,-0.09387859424297547,-0.835461168210642,1982-2003,False,False,False
Aleppo,1988,431.07,17.30890710382514,24.964344262295082,0.655464480874317,1.0659016393442624,27,0.46756302743779926,-0.6351055383383184,1982-2003,False,False,False
Aleppo,1989,155.2,17.55832876712329,26.043123287671232,0.6032054794520547,0.41353424657534243,29,-2.039476470345875,-0.30764055287252245,1982-2003,True,True,False
Aleppo,1990,197.53,17.08421917808219,25.42008219178082,0.6068493150684932,0.5265753424657534,19,-1.654791720495645,-0.9300976707971672,1982-2003,True,True,False
Aleppo,1991,274.95,17.384054794520548,25.612328767123287,0.6106849315068493,0.7153150684931506,14,-0.9512175807979177,-0.5364443510302033,1982-2003,True,False,False
Aleppo,1992,366.49,15.961174863387978,23.65636612021858,0.6489071038251366,0.9097267759562842,13,-0.11932431358104889,-2.404539326449104,1982-2003,False,False,False
Aleppo,1993,333.68,16.89849315068493,25.06731506849315,0.6374794520547945,0.8294520547945206,18,-0.4174936176818295,-1.1739368388070546,1982-2003,False,False,False
Aleppo,1994,309.41,18.575643835616436,26.70657534246575,0.6252602739726028,0.7747397260273972,18,-0.6380534778014864,1.0279894790707127,1982-2003,True,False,True
Aleppo,1995,331.94,18.02386301369863,25.841506849315067,0.6413972602739726,0.8444109589041096,24,-0.4333063146990609,0.303558022555127,1982-2003,False,False,False
Aleppo,1996,393.01,17.66224043715847,25.52795081967213,0.6476229508196721,0.9745081967213115,14,0.12168299957813114,-0.17121521969237316,1982-2003,False,False,False
Aleppo,1997,420.95,17.116246575342466,24.888904109589042,0.6483561643835616,1.0034246575342465,18,0.3755949275444771,-0.8880489929090458,1982-2003,False,False,False
Aleppo,1998,461.09999999999997,17.61298630136986,25.444931506849315,0.6686849315068493,1.1742465753424658,12,0.7404683673386354,-0.23588083312333988,1982-2003,False,False,False
Aleppo,1999,363.99,18.648986301369863,26.684712328767123,0.6381095890410958,0.9097808219178082,17,-0.14204370584718579,1.124280591736666,1982-2003,False,False,False
Aleppo,2000,346.77,17.790737704918033,26.05483606557377,0.6283606557377049,0.8639617486338798,18,-0.29853487977633697,-0.0025115258637389403,1982-2003,False,False,False
Aleppo,2001,390.96999999999997,18.169835616438355,26.284410958904108,0.6406027397260273,0.9912328767123288,27,0.10314397548896324,0.4952050334943046,1982-2003,False,False,False
Aleppo,2002,480.39,17.381561643835617,25.11794520547945,0.6832602739726027,1.1357260273972603,16,0.9157711980641479,-0.5397176014047264,1982-2003,False,False,False
Aleppo,2003,447.93,17.49558904109589,25.2753698630137,0.6633424657534247,1.0565205479452056,11,0.6207826088806266,-0.39001135900066236,1982-2003,False,False,False
Aleppo,2004,435.82,17.472841530054644,25.394726775956283,0.6683879781420765,1.0126775956284153,20,0.5107298727434594,-0.4198765009213953,2004-2025,False,False,False
Aleppo,2005,360.79,17.46641095890411,25.352082191780823,0.6506301369863013,0.8590684931506849,14,-0.17112452794784092,-0.4283191793178963,2004-2025,False,False,False
Aleppo,2006,347.15,17.704493150684932,25.837150684931505,0.6381917808219179,0.8883561643835617,23,-0.2950815321518842,-0.11574175344299617,2004-2025,False,False,False
Aleppo,2007,332.14,17.56139726027397,25.7987397260274,0.6333424657534247,0.8527671232876712,36,-0.4314887633177701,-0.30361193702695805,2004-2025,False,False,False
Aleppo,2008,316.87,18.01122950819672,26.333579234972678,0.6260382513661202,0.7405737704918033,19,-0.5702588112793341,0.28697152946202437,2004-2025,True,False,False
Aleppo,2009,361.40000000000003,17.55895890410959,25.400794520547947,0.6386849315068494,0.9747123287671232,12,-0.16558099623490338,-0.3068132478328061,2004-2025,False,False,False
Aleppo,2010,378.56,19.047150684931506,26.934712328767123,0.6518082191780822,0.9393972602739726,15,-0.009635087720140018,1.647029467483489,2004-2025,False,False,False
Aleppo,2011,323.85,18.255232876712327,26.326191780821915,0.6261369863013698,0.8199452054794519,35,-0.5068262680722797,0.6073228512678431,2004-2025,True,False,True
Aleppo,2012,537.44,17.041612021857922,24.952431693989073,0.6939890710382514,1.2213934426229507,18,1.4342277295773924,-0.9860364838466196,2004-2025,False,False,False
Aleppo,2013,736.52,17.99227397260274,25.368739726027396,0.7265753424657534,1.5617260273972602,12,3.2434183745144054,0.2620848612163732,2004-2025,False,False,False
Aleppo,2014,249.42,18.07745205479452,26.432657534246577,0.5962465753424657,0.6696986301369863,17,-1.1832280146197076,0.3739149207152302,2004-2025,True,True,False
Aleppo,2015,567.75,17.629671232876714,25.258438356164383,0.6969041095890411,1.3461369863013697,14,1.7096776414120358,-0.21397523446305888,2004-2025,False,False,False
Aleppo,2016,343.13,18.489672131147543,26.679726775956286,0.6264207650273224,0.8877868852459017,14,-0.33161431491583215,0.9151174751633262,2004-2025,False,False,False
Aleppo,2017,360.61,17.66041095890411,26.086876712328763,0.646986301369863,0.9159999999999999,17,-0.17276032419100285,-0.17361713643870758,2004-2025,False,False,False
Aleppo,2018,473.6,18.727890410958906,26.612739726027396,0.6526849315068493,1.1755068493150684,17,0.8540653286693204,1.2278735706227113,2004-2025,False,False,False
Aleppo,2019,704.82,17.92550684931507,25.294027397260272,0.7310684931506849,1.469068493150685,8,2.95533648057979,0.17442649679093034,2004-2025,False,False,False
Aleppo,2020,377.09,18.559207650273223,26.482841530054642,0.6522950819672131,0.9299180327868853,24,-0.02299409037262876,1.006410458534334,2004-2025,False,False,False
Aleppo,2021,430.69,18.863945205479453,27.22421917808219,0.6238904109589041,0.6924931506849314,20,0.4641096798133465,1.4064995196324623,2004-2025,False,False,False
Aleppo,2022,316.78000000000003,18.18649315068493,26.543506849315065,0.6296986301369863,0.8008767123287671,17,-0.5710767094009147,0.517074662370248,2004-2025,True,False,True
Aleppo,2023,248.17000000000002,18.888794520547943,27.276958904109588,0.6125753424657534,0.6444383561643836,33,-1.1945877107527758,1.4391241140246946,2004-2025,True,True,True
Aleppo,2024,405.97,19.92155737704918,27.61450819672131,0.6470491803278688,0.9977049180327869,13,0.23946032908578516,2.7950355024814604,2004-2025,False,False,False
Aleppo,2025,253.4,18.712246575342466,27.233342465753424,0.6198630136986302,0.6731506849315069,24,-1.1470587421320175,1.2073348237671768,2004-2025,True,True,True
Damascus,1982,404.77,14.28109589041096,21.72049315068493,0.602054794520548,0.9396438356164384,10,1.8499236436912678,-1.5116077625693765,1982-2003,False,False,False
Damascus,1983,365.98,13.611178082191781,20.872739726027397,0.6050958904109589,0.8503561643835617,13,1.3147053731531624,-2.3215699795394302,1982-2003,False,False,False
Damascus,1984,289.5,14.819945355191258,22.513743169398907,0.5634972677595629,0.7225956284153007,25,0.25944645769159147,-0.8601133527300966,1982-2003,False,False,False
Damascus,1985,290.32,15.030712328767123,22.59117808219178,0.571945205479452,0.7087671232876712,23,0.2707606876952327,-0.605286143948503,1982-2003,False,False,False
Damascus,1986,166.26,15.511205479452055,23.181561643835618,0.5265479452054794,0.43517808219178084,42,-1.4409995248068916,-0.024347269368885253,1982-2003,True,True,False
Damascus,1987,348.41,14.936246575342464,22.336191780821917,0.5930958904109589,0.848054794520548,16,1.0722772985629456,-0.7194996939285778,1982-2003,False,False,False
Damascus,1988,261.27,15.09775956284153,22.545300546448086,0.5615027322404371,0.6474043715846994,28,-0.13006660694596295,-0.5242228766546005,1982-2003,False,False,False
Damascus,1989,155.74,15.021150684931508,22.90227397260274,0.5306575342465754,0.41008219178082195,21,-1.586152817048729,-0.6168466221802438,1982-2003,True,True,False
Damascus,1990,252.85,14.458849315068491,22.081397260273974,0.5555890410958904,0.6338356164383562,19,-0.2462444321053041,-1.29669549102915,1982-2003,False,False,False
Damascus,1991,188.43,15.264301369863015,23.095397260273973,0.5213972602739726,0.4924383561643836,21,-1.1351013794645402,-0.32286597946761375,1982-2003,True,True,False
Damascus,1992,310.28,13.475273224043715,20.468196721311475,0.5896994535519126,0.7415027322404372,17,0.5461656033936235,-2.4858853609967837,1982-2003,False,False,False
Damascus,1993,333.78000000000003,14.353808219178083,21.734712328767124,0.6027671232876712,0.7807671232876713,16,0.870414877888223,-1.423695128681003,1982-2003,False,False,False
Damascus,1994,231.13,15.872849315068494,23.3326301369863,0.5444383561643835,0.5691506849315069,12,-0.5459335487871205,0.4128971795107452,1982-2003,True,False,False
Damascus,1995,299.38,15.017534246575341,22.23835616438356,0.592904109589041,0.7444109589041096,21,0.39576913139400144,-0.6212190666690427,1982-2003,False,False,False
Damascus,1996,261.92,15.257786885245903,22.67639344262295,0.5658196721311476,0.6472677595628415,19,-0.12109800999185655,-0.3307422985296784,1982-2003,False,False,False
Damascus,1997,277.56,14.579205479452055,21.92295890410959,0.5632876712328767,0.6923013698630137,16,0.09470023056539963,-1.1511792134588281,1982-2003,False,False,False
Damascus,1998,262.73,15.58904109589041,22.914273972602736,0.5601643835616439,0.664931506849315,18,-0.10992175840289375,0.06975966087861532,1982-2003,False,False,False
Damascus,1999,115.3,16.35427397260274,24.319424657534245,0.5093698630136987,0.3123835616438356,39,-2.144137526008796,0.9949622897920214,1982-2003,True,True,True
Damascus,2000,173.43,15.727295081967211,23.531229508196724,0.5311475409836066,0.4349453551912568,36,-1.342069001482369,0.236915248763922,1982-2003,True,True,False
Damascus,2001,221.27,15.834164383561644,23.57145205479452,0.5438630136986301,0.581013698630137,17,-0.6819802656601732,0.36612527331240796,1982-2003,True,False,False
Damascus,2002,313.65,15.079150684931507,22.589123287671235,0.5741917808219178,0.766958904109589,20,0.5926643291402959,-0.5467218874622003,1982-2003,False,False,False
Damascus,2003,415.74,15.314739726027398,22.50131506849315,0.6009863013698631,0.9535890410958904,10,2.0012859645936403,-0.26188362868069026,1982-2003,False,False,False
Damascus,2004,361.61,15.561803278688524,23.05153005464481,0.600136612021858,0.8281420765027323,25,1.254408805938635,0.03682785560998034,2004-2025,False,False,False
Damascus,2005,279.85,15.297698630136987,22.843506849315066,0.5731232876712329,0.677972602739726,19,0.12629728752678848,-0.2824871171051698,2004-2025,False,False,False
Damascus,2006,286.33,15.711534246575342,23.378301369863014,0.5651780821917808,0.7155068493150686,23,0.21570730023849005,0.2178596556468597,2004-2025,False,False,False
Damascus,2007,331.56,15.142547945205479,22.578520547945207,0.5775068493150685,0.8096164383561644,36,0.839783669829584,-0.4700716105904243,2004-2025,False,False,False
Damascus,2008,187.63,16.059207650273223,23.876748633879778,0.5451366120218579,0.4719125683060109,17,-1.1461396526388246,0.6382131936267421,2004-2025,True,True,True
Damascus,2009,220.08,15.379287671232875,22.960410958904106,0.5341369863013699,0.5661917808219178,12,-0.698399697006921,-0.18384211947157075,2004-2025,True,False,False
Damascus,2010,269.67,17.045205479452054,24.48575342465753,0.570054794520548,0.6640547945205479,15,-0.014164738615978232,1.8303310592083362,2004-2025,False,False,False
Damascus,2011,323.35,16.04013698630137,23.455808219178085,0.5727123287671233,0.7781917808219179,35,0.7265033913784925,0.615155861697033,2004-2025,False,False,False
Damascus,2012,278.59,15.089398907103826,22.530846994535523,0.5710928961748634,0.6854371584699454,17,0.10891200727729018,-0.5343313036490035,2004-2025,False,False,False
Damascus,2013,325.29,15.856136986301369,23.231506849315068,0.5857534246575343,0.7702465753424658,21,0.7532712038261318,0.39269118603978986,2004-2025,False,False,False
Damascus,2014,157.58,15.868465753424656,23.737945205479452,0.5247397260273973,0.4163013698630137,28,-1.560764788747875,0.40759724679705,2004-2025,True,True,False
Damascus,2015,279.94,15.774109589041096,23.240027397260274,0.5634520547945205,0.6995890410958904,13,0.1275390932588951,0.2935161951348208,2004-2025,False,False,False
Damascus,2016,225.49,16.43224043715847,24.05377049180328,0.5402185792349726,0.5785245901639344,20,-0.623753374665824,1.0892274215829567,2004-2025,True,False,True
Damascus,2017,211.07999999999998,15.956767123287673,23.69468493150685,0.5558630136986302,0.5229315068493151,28,-0.8225802702176187,0.5143577663984958,2004-2025,True,False,True
Damascus,2018,240.98,16.656246575342465,24.245561643835615,0.5405205479452054,0.6047397260273972,29,-0.41002481032874616,1.3600614046065098,2004-2025,False,False,False
Damascus,2019,421.74,15.611808219178084,22.65693150684932,0.6111506849315068,0.9422465753424658,11,2.084073013400772,0.09728618641035824,2004-2025,False,False,False
Damascus,2020,368.57,16.18035519125683,23.368551912568304,0.591639344262295,0.8565300546448088,15,1.3504417825549073,0.7846862828201688,2004-2025,False,False,False
Damascus,2021,255.91,16.843917808219178,24.44909589041096,0.559041095890411,0.6311780821917808,21,-0.20402303721366696,1.5869647739114703,2004-2025,False,False,False
Damascus,2022,263.56,16.015342465753427,23.546904109589043,0.5567945205479452,0.6474246575342466,18,-0.09846954998457409,0.5851781172852132,2004-2025,False,False,False
Damascus,2023,212.19,16.62090410958904,24.140712328767126,0.5324109589041096,0.5477534246575343,27,-0.8072646661882992,1.3173306971023657,2004-2025,True,False,True
Damascus,2024,298.62,17.289590163934427,24.522622950819674,0.5777322404371584,0.6823497267759563,18,0.3852827718784316,2.125803665561426,2004-2025,False,False,False
Damascus,2025,171.33,16.45882191780822,24.261945205479453,0.5310684931506849,0.4491780821917808,35,-1.371044468564865,1.121365685013586,2004-2025,True,True,True
Daraa,1982,259.95,16.370246575342467,24.179698630136986,0.5621643835616438,0.6759178082191781,16,1.041256500391044,-1.4368541121941767,1982-2003,False,False,False
Daraa,1983,294.41,15.44076712328767,22.94890410958904,0.5756986301369863,0.7446575342465753,14,1.626064609556915,-2.6142469391934036,1982-2003,False,False,False
Daraa,1984,192.97,16.90606557377049,24.867459016393443,0.5402732240437159,0.5151639344262295,31,-0.09543668451696549,-0.7581199627469728,1982-2003,False,False,False
Daraa,1985,210.11,17.006931506849316,25.05687671232877,0.550986301369863,0.5558630136986301,21,0.19544001284528142,-0.6303507841674424,1982-2003,False,False,False
Daraa,1986,112.36,17.337698630136988,25.37065753424658,0.5292876712328767,0.30556164383561646,19,-1.4634396351803671,-0.21136052300014738,1982-2003,True,True,False
Daraa,1987,201.3,16.902821917808218,24.899287671232877,0.5542191780821918,0.5322739726027397,16,0.04592871157565519,-0.7622287757549311,1982-2003,False,False,False
Daraa,1988,199.05,17.408879781420765,25.072650273224045,0.5522677595628415,0.5220218579234973,27,0.007744781058440773,-0.12119373474701034,1982-2003,False,False,False
Daraa,1989,135.48,16.823972602739726,24.93904109589041,0.536986301369863,0.36610958904109586,29,-1.0710785358212576,-0.8621090020151365,1982-2003,True,True,False
Daraa,1990,204.26,16.389369863013698,24.321287671232877,0.5492328767123288,0.5397534246575342,18,0.09616179350052358,-1.4126302074236352,1982-2003,False,False,False
Daraa,1991,158.36,17.30468493150685,25.2073698630137,0.5343561643835616,0.42690410958904107,42,-0.68279038905065,-0.2531797282272344,1982-2003,True,False,False
Daraa,1992,278.6,15.503715846994535,22.672950819672128,0.5856010928961749,0.700191256830601,23,1.3577588577892883,-2.5345083547659897,1982-2003,False,False,False
Daraa,1993,172.42,16.474493150684932,24.303671232876713,0.5515342465753424,0.4551780821917808,20,-0.444183249907524,-1.30480259693355,1982-2003,False,False,False
Daraa,1994,119.38,17.89958904109589,25.655643835616438,0.5303013698630137,0.31805479452054797,27,-1.3443057719666582,0.5003988794913646,1982-2003,True,True,True
Daraa,1995,181.28,16.988,24.618986301369866,0.5557808219178083,0.4844657534246576,21,-0.2938234168486261,-0.6543317557955898,1982-2003,False,False,False
Daraa,1996,140.42,17.110081967213116,24.996229508196723,0.5346994535519126,0.3789344262295082,19,-0.98724359504124,-0.4996877427569841,1982-2003,True,False,False
Daraa,1997,206.56,16.61227397260274,24.247013698630138,0.5524383561643836,0.5436986301369863,16,0.1351942558070096,-1.130272486487901,1982-2003,False,False,False
Daraa,1998,221.6,17.521424657534247,25.202410958904107,0.5523561643835617,0.5888493150684931,18,0.390432618019856,0.02136942741713657,1982-2003,False,False,False
Daraa,1999,83.13,18.22221917808219,26.459999999999997,0.5235890410958904,0.2296986301369863,39,-1.959491319188446,0.9090818344740588,1982-2003,True,True,True
Daraa,2000,132.45,17.49188524590164,25.715819672131147,0.538415300546448,0.3508469945355191,42,-1.1224995622511063,-0.01604881920802989,1982-2003,True,True,False
Daraa,2001,149.43,17.845342465753426,25.978794520547947,0.5339452054794521,0.4055890410958904,28,-0.8343381666145278,0.4316835049273604,1982-2003,True,False,False
Daraa,2002,207.53,17.267178082191784,25.134027397260276,0.5505205479452054,0.5476986301369863,33,0.15165577251887535,-0.3006905099333532,1982-2003,False,False,False
Daraa,2003,297.29,17.426986301369865,25.062520547945205,0.5647945205479452,0.7678356164383562,11,1.6749400406189494,-0.09825779284656243,1982-2003,False,False,False
Daraa,2004,181.49,17.659207650273224,25.70915300546448,0.548415300546448,0.47882513661202186,17,-0.29025958333368596,0.1959022876914853,2004-2025,False,False,False
Daraa,2005,186.89,17.348328767123288,25.31953424657534,0.546986301369863,0.4968493150684931,19,-0.19861815009237177,-0.19789508596437366,2004-2025,False,False,False
Daraa,2006,161.39,17.718465753424656,25.81695890410959,0.5350410958904109,0.44164383561643833,23,-0.6313693626208018,0.2709658788637657,2004-2025,True,False,False
Daraa,2007,200.54,17.171342465753426,25.169041095890414,0.547068493150685,0.5312328767123288,50,0.0330310283787291,-0.4220876716630986,2004-2025,False,False,False
Daraa,2008,116.57,18.060710382513662,26.276748633879784,0.5304918032786885,0.312568306010929,28,-1.3919932585237127,0.7044949584766529,2004-2025,True,True,True
Daraa,2009,161.49,17.542794520547943,25.411835616438356,0.5361917808219179,0.43106849315068496,30,-0.6296722990422585,0.048439120427196225,2004-2025,True,False,False
Daraa,2010,203.14,19.02394520547945,26.98876712328767,0.5488767123287671,0.5377260273972603,30,0.07715468142084343,1.9246464839015844,2004-2025,False,False,False
Daraa,2011,183.93,18.01821917808219,25.951260273972604,0.5435068493150684,0.4877260273972603,35,-0.24885123201724016,0.6506703804318418,2004-2025,False,False,False
Daraa,2012,200.81,17.174945355191255,25.05032786885246,0.5478688524590164,0.5274863387978143,18,0.037613100040795,-0.4175238094161243,2004-2025,False,False,False
Daraa,2013,197.03,17.95627397260274,25.69142465753425,0.5503287671232877,0.5112328767123288,28,-0.026535903228125227,0.57220297543729,2004-2025,False,False,False
Daraa,2014,121.48,17.763863013698632,25.898164383561642,0.5297808219178083,0.33,44,-1.308667436817258,0.3284716241428397,2004-2025,True,True,False
Daraa,2015,233.37,17.82109589041096,25.581287671232875,0.5565753424657535,0.6156986301369862,24,0.5901770012143511,0.4009698147813262,2004-2025,False,False,False
Daraa,2016,225.25,18.31691256830601,26.184043715846997,0.5508743169398908,0.5936885245901639,20,0.4523754386366706,1.0290321121991743,2004-2025,False,False,False
Daraa,2017,193.39000000000001,17.864794520547946,25.977753424657532,0.5556164383561644,0.5061369863013699,29,-0.0883090174870852,0.45632386651344303,2004-2025,False,False,False
Daraa,2018,228.58,18.574712328767124,26.418054794520547,0.5531232876712329,0.5994246575342466,28,0.5088876558021481,1.3555929502015849,2004-2025,False,False,False
Daraa,2019,362.93,17.527369863013696,24.95495890410959,0.5935342465753425,0.9129315068493151,11,2.788892573574484,0.028900354831470854,2004-2025,False,False,False
Daraa,2020,325.69,17.982814207650275,25.595792349726775,0.5864480874316941,0.8206010928961748,15,2.156906096925122,0.6058220966591307,2004-2025,False,False,False
Daraa,2021,231.16,18.682794520547947,26.668438356164383,0.554082191780822,0.603972602739726,20,0.5526718961285537,1.4925031283101748,2004-2025,False,False,False
Daraa,2022,258.35,17.89408219178082,25.72041095890411,0.5688767123287671,0.6618630136986302,18,1.0141034831343585,0.4934232278310791,2004-2025,False,False,False
Daraa,2023,228.89000000000001,18.509671232876713,26.391890410958908,0.5506301369863014,0.6042191780821917,33,0.5141485528956311,1.2732039101940342,2004-2025,False,False,False
Daraa,2024,250.64,19.104617486338796,26.658497267759564,0.5686065573770492,0.6428688524590164,18,0.8832598812287032,2.026835902518083,2004-2025,False,False,False
Daraa,2025,126.77,18.22882191780822,26.439068493150685,0.5321643835616439,0.344958904109589,24,-1.2188927735123407,0.9174456755194753,2004-2025,True,True,True
Deir ez-Zor,1982,195.27,18.43945205479452,25.64476712328767,0.5315068493150685,0.5611232876712329,25,0.7365603363444402,-1.3806050872473166,1982-2003,False,False,False
Deir ez-Zor,1983,188.63,17.62131506849315,24.654082191780823,0.5324657534246575,0.5050684931506849,32,0.6413592587229502,-2.4346478748827978,1982-2003,False,False,False
Deir ez-Zor,1984,78.18,19.20412568306011,26.585628415300548,0.513224043715847,0.30185792349726775,29,-0.9422189074357166,-0.39544155563367106,1982-2003,True,False,False
Deir ez-Zor,1985,134.62,18.71454794520548,26.0392602739726,0.5220547945205479,0.3653150684931507,29,-0.13300974765305332,-1.0261866413747012,1982-2003,False,False,False
Deir ez-Zor,1986,141.83,19.389260273972603,26.646602739726028,0.5211780821917809,0.3824383561643836,19,-0.02963628836827286,-0.1569243102817078,1982-2003,False,False,False
Deir ez-Zor,1987,58.83,18.938849315068495,26.33131506849315,0.508027397260274,0.21983561643835614,47,-1.2196497586368955,-0.7372090677904907,1982-2003,True,True,False
Deir ez-Zor,1988,182.97,18.75237704918033,25.823360655737705,0.5249180327868853,0.42729508196721316,46,0.5602089425576442,-0.9774497001594409,1982-2003,False,False,False
Deir ez-Zor,1989,57.78,18.99243835616438,26.501671232876713,0.5101095890410959,0.2146849315068493,50,-1.2347041459113781,-0.6681678886124434,1982-2003,True,True,False
Deir ez-Zor,1990,83.44,18.706602739726026,26.16290410958904,0.5098630136986301,0.2626027397260274,21,-0.866803595946404,-1.036422808021758,1982-2003,True,False,False
Deir ez-Zor,1991,78.67,19.086328767123288,26.54054794520548,0.5086301369863014,0.23575342465753424,42,-0.9351935267076248,-0.5472046365453723,1982-2003,True,False,False
Deir ez-Zor,1992,73.39999999999999,17.88158469945355,25.07937158469945,0.5094808743169399,0.19360655737704918,34,-1.0107522133138376,-2.099330767909583,1982-2003,True,True,False
Deir ez-Zor,1993,124.34,18.53027397260274,25.956438356164384,0.511972602739726,0.34123287671232877,21,-0.2803993678260827,-1.263595113333591,1982-2003,False,False,False
Deir ez-Zor,1994,102.42999999999999,20.35145205479452,27.74717808219178,0.513013698630137,0.2746849315068493,17,-0.5945342489536193,1.082710767802753,1982-2003,True,False,True
Deir ez-Zor,1995,93.39999999999999,19.768821917808218,26.93071232876712,0.5126849315068494,0.26515068493150684,20,-0.7240019795141694,0.3320820784364597,1982-2003,True,False,False
Deir ez-Zor,1996,98.21,19.634781420765027,26.92762295081967,0.5117213114754098,0.26702185792349725,30,-0.6550385482853492,0.15939165919729423,1982-2003,True,False,False
Deir ez-Zor,1997,128.82,18.798109589041097,26.034520547945206,0.516,0.32487671232876714,17,-0.21616731545495724,-0.9185304059488025,1982-2003,False,False,False
Deir ez-Zor,1998,187.42000000000002,19.459424657534246,26.66641095890411,0.5226301369863015,0.47526027397260273,26,0.6240108695780706,-0.06652836965032212,1982-2003,False,False,False
Deir ez-Zor,1999,60.65,20.710575342465752,28.207589041095893,0.5069315068493151,0.21827397260273973,37,-1.1935554873611256,1.5453855002495362,1982-2003,True,True,True
Deir ez-Zor,2000,150.35,19.53775956284153,27.145437158469946,0.513551912568306,0.3897814207650273,33,0.09251931123038548,0.0343940227384208,1982-2003,False,False,False
Deir ez-Zor,2001,167.07,19.755616438356164,27.0766301369863,0.5207123287671233,0.4203835616438356,28,0.33224250668690797,0.3150688635265314,1982-2003,False,False,False
Deir ez-Zor,2002,136.64,19.13158904109589,26.5578904109589,0.5166301369863013,0.3898356164383561,16,-0.1040479740392871,-0.48889378378354187,1982-2003,False,False,False
Deir ez-Zor,2003,132.56,19.22827397260274,26.572684931506853,0.5171780821917809,0.35676712328767124,19,-0.16254502173441918,-0.3643302248268193,1982-2003,False,False,False
Deir ez-Zor,2004,137.94,19.3775956284153,26.801666666666666,0.5187431693989072,0.35715846994535516,25,-0.08540920884230851,-0.1719523993741997,2004-2025,False,False,False
Deir ez-Zor,2005,104.1,19.202876712328766,26.62367123287671,0.5146575342465753,0.3185753424657534,27,-0.5705906044313469,-0.3970506609710195,2004-2025,True,False,False
Deir ez-Zor,2006,134.41,19.617260273972605,27.14358904109589,0.5155342465753425,0.3688219178082192,32,-0.13602062510794996,0.13681837536233973,2004-2025,False,False,False
Deir ez-Zor,2007,152.78,19.179397260273973,26.590520547945207,0.5203835616438356,0.39887671232876715,55,0.12735946463704526,-0.4273002982693777,2004-2025,False,False,False
Deir ez-Zor,2008,38.7,20.137486338797814,27.699371584699453,0.5048360655737705,0.15489071038251365,27,-1.5082638689562615,0.80704908336142,2004-2025,True,True,True
Deir ez-Zor,2009,79.64,19.39145205479452,26.721342465753427,0.5076712328767123,0.24049315068493152,27,-0.9212861403683409,-0.15410054017217684,2004-2025,True,False,False
Deir ez-Zor,2010,101.28,21.147972602739728,28.37835616438356,0.5131232876712328,0.2646027397260274,30,-0.6110223873971,2.10890412273298,2004-2025,True,False,True
Deir ez-Zor,2011,93.74,20.123643835616438,27.573013698630135,0.5095068493150685,0.2738904109589041,40,-0.719127225539575,0.78921516204329,2004-2025,True,False,True
Deir ez-Zor,2012,82.5,19.030464480874315,26.435109289617486,0.5105464480874318,0.24095628415300546,27,-0.8802808569349884,-0.6191771166960782,2004-2025,True,False,False
Deir ez-Zor,2013,184.96,19.905972602739727,27.04805479452055,0.5225753424657534,0.4373150684931507,22,0.5887405908207113,0.5087794930404148,2004-2025,False,False,False
Deir ez-Zor,2014,141.38,19.532821917808217,26.952109589041097,0.5186575342465753,0.37676712328767126,17,-0.03608816862876564,0.02803263189262225,2004-2025,False,False,False
Deir ez-Zor,2015,207.27,19.647917808219177,26.932109589041094,0.5277808219178083,0.5388493150684932,23,0.9086104766242411,0.17631585976941153,2004-2025,False,False,False
Deir ez-Zor,2016,226.81,20.045382513661202,27.34653005464481,0.5297267759562841,0.5860655737704918,25,1.1887654550465168,0.6883875704065177,2004-2025,False,False,False
Deir ez-Zor,2017,192.53,19.296438356164384,26.929068493150687,0.5252876712328768,0.5436438356164384,28,0.6972755543138855,-0.2765109744203799,2004-2025,False,False,False
Deir ez-Zor,2018,152.99,20.479945205479453,27.684493150684933,0.51613698630137,0.4421643835616439,28,0.13037034209194187,1.2482542904740552,2004-2025,False,False,False
Deir ez-Zor,2019,419.43,19.404383561643836,26.352794520547945,0.565972602739726,0.8857534246575343,12,3.95045695677112,-0.1374402965259376,2004-2025,False,False,False
Deir ez-Zor,2020,260.54,19.948142076502734,27.244535519125684,0.5456830601092896,0.7514480874316939,26,1.6723697243496571,0.5631083284585805,2004-2025,False,False,False
Deir ez-Zor,2021,131.69,20.594383561643834,27.988876712328768,0.5267397260273973,0.4612054794520548,21,-0.17501865690470478,1.3956903873179816,2004-2025,False,False,False
Deir ez-Zor,2022,155.71,19.798602739726025,27.25123287671233,0.5191780821917809,0.47594520547945207,21,0.16936837388869672,0.3704500547997219,2004-2025,False,False,False
Deir ez-Zor,2023,235.03,20.380246575342465,27.700849315068492,0.5325753424657534,0.582027397260274,34,1.3066198011381802,1.1198080476167251,2004-2025,False,False,False
Deir ez-Zor,2024,267.72,21.46398907103825,28.60398907103825,0.5380874316939891,0.6921311475409836,16,1.775313058283738,2.5160423951266377,2004-2025,False,False,False
Deir ez-Zor,2025,174.81,20.146849315068494,27.631863013698627,0.5274520547945206,0.5384109589041096,23,0.44321484716737963,0.8191118280779592,2004-2025,False,False,False
Hasakah,1982,240.57999999999998,18.00498630136986,25.405534246575343,0.5043561643835617,0.6301643835616438,23,0.32956972647554245,-1.2500719576486545,1982-2003,False,False,False
Hasakah,1983,190.94,17.23476712328767,24.52509589041096,0.4916712328767123,0.5077534246575343,25,-0.30486238127850585,-2.164641975173096,1982-2003,False,False,False
Hasakah,1984,130.71,18.824890710382512,26.48945355191257,0.4790983606557377,0.35114754098360657,32,-1.0746417094418081,-0.27650493795150355,1982-2003,True,True,False
Hasakah,1985,246.63,18.22695890410959,25.787205479452055,0.5075616438356164,0.632958904109589,26,0.4068927371909332,-0.9864982984168701,1982-2003,False,False,False
Hasakah,1986,204.65,19.036876712328766,26.496164383561645,0.4944657534246576,0.538986301369863,14,-0.12963949253338075,-0.024789521052038042,1982-2003,False,False,False
Hasakah,1987,145.06,18.385479452054796,25.90449315068493,0.48383561643835615,0.3864931506849315,18,-0.8912391964226585,-0.7982685783088626,1982-2003,True,False,False
Hasakah,1988,283.78,18.09489071038251,25.316092896174865,0.5225956284153006,0.7207650273224044,38,0.8816943649722162,-1.1433180890537986,1982-2003,False,False,False
Hasakah,1989,102.02,18.587643835616436,26.491561643835617,0.4667671232876712,0.27912328767123284,26,-1.4413189288508264,-0.5582155011092478,1982-2003,True,True,False
Hasakah,1990,153.88,18.271287671232876,26.028849315068495,0.4815890410958904,0.4115890410958904,18,-0.7785137493962543,-0.9338616431913698,1982-2003,True,False,False
Hasakah,1991,161.61,18.73172602739726,26.521287671232876,0.4768493150684932,0.4311232876712329,22,-0.6797192249615484,-0.3871301056636833,1982-2003,True,False,False
Hasakah,1992,227.47,17.001939890710382,24.482322404371587,0.504207650273224,0.5815027322404372,24,0.1620152354873159,-2.441104587683708,1982-2003,False,False,False
Hasakah,1993,252.92,17.772164383561645,25.509232876712332,0.4983287671232877,0.6618356164383562,18,0.4872831070090831,-1.5265282593212839,1982-2003,False,False,False
Hasakah,1994,198.69,19.782986301369863,27.534575342465757,0.4930684931506849,0.5188493150684932,12,-0.20581224358523678,0.8611524021594025,1982-2003,False,False,False
Hasakah,1995,281.16,18.958712328767124,26.163150684931505,0.527945205479452,0.7168219178082191,19,0.8482090281004279,-0.11760310409181256,1982-2003,False,False,False
Hasakah,1996,251.96,18.730819672131148,26.159590163934425,0.5022677595628415,0.6370765027322404,38,0.47501367059804617,-0.388206325751681,1982-2003,False,False,False
Hasakah,1997,203.93,18.222465753424657,25.622931506849316,0.5019178082191781,0.5345479452054794,17,-0.13884156984165863,-0.9918335341752047,1982-2003,False,False,False
Hasakah,1998,268.97,18.90495890410959,26.32235616438356,0.5117534246575343,0.6979178082191781,25,0.6924127470061118,-0.1814307416396696,1982-2003,False,False,False
Hasakah,1999,131.24,20.17054794520548,27.98205479452055,0.4682465753424657,0.3543287671232877,38,-1.0678679580898813,1.3213490182409597,1982-2003,True,True,True
Hasakah,2000,135.73,19.140273224043717,27.06396174863388,0.47087431693989074,0.3692349726775956,24,-1.0104827815424264,0.09798507638991029,1982-2003,True,True,False
Hasakah,2001,248.29,19.245150684931506,26.88194520547945,0.5088767123287672,0.6344383561643835,28,0.428108637651685,0.22251817550189876,1982-2003,False,False,False
Hasakah,2002,180.65,18.623835616438356,26.36816438356164,0.4815890410958904,0.48506849315068495,20,-0.4363754028093107,-0.5152408277143823,1982-2003,False,False,False
Hasakah,2003,196.16,18.74145205479452,26.34723287671233,0.4928767123287671,0.5116438356164383,26,-0.23814732079349107,-0.3755812721624143,1982-2003,False,False,False
Hasakah,2004,181.29,19.016393442622952,26.671939890710384,0.4909289617486339,0.47674863387978145,25,-0.42819577853528606,-0.04911166839255113,2004-2025,False,False,False
Hasakah,2005,163.67,18.903506849315068,26.613123287671236,0.49164383561643843,0.4275068493150685,39,-0.6533910593295313,-0.18315493368352412,2004-2025,True,False,False
Hasakah,2006,164.82,19.396520547945205,27.216657534246576,0.4823013698630137,0.4445479452054794,31,-0.6386932969621429,0.4022570630920724,2004-2025,True,False,False
Hasakah,2007,180.12,18.92909589041096,26.703123287671232,0.48627397260273975,0.4821369863013698,40,-0.44314915416123746,-0.152770115401311,2004-2025,False,False,False
Hasakah,2008,89.26,19.74792349726776,27.58792349726776,0.4633333333333334,0.23275956284153004,21,-1.6044001878141956,0.8195182929673105,2004-2025,True,True,True
Hasakah,2009,124.44,18.86660273972603,26.522986301369862,0.46794520547945206,0.34715068493150686,25,-1.154776466001395,-0.2269754371376317,2004-2025,True,True,False
Hasakah,2010,169.99,20.675835616438356,28.04772602739726,0.489013698630137,0.4557534246575342,19,-0.5726172696235362,1.9213353175759025,2004-2025,True,False,True
Hasakah,2011,168.18,19.64164383561644,27.415342465753426,0.47005479452054794,0.4466301369863014,40,-0.5957502695235126,0.69332019924941,2004-2025,True,False,True
Hasakah,2012,162.62,18.445464480874318,26.113005464480874,0.4846994535519126,0.44109289617486336,22,-0.6668107554041031,-0.7270414387882984,2004-2025,True,False,False
Hasakah,2013,323.06,19.282602739726027,26.55901369863014,0.5251232876712328,0.8218082191780821,16,1.3837188047904885,0.2669893174631241,2004-2025,False,False,False
Hasakah,2014,231.59,19.171369863013698,26.93745205479452,0.49682191780821916,0.5823561643835616,15,0.21467156675135057,0.13490970051903275,2004-2025,False,False,False
Hasakah,2015,349.19,19.124602739726026,26.449150684931507,0.54,0.8983561643835616,15,1.7176775271034073,0.07937770393687259,2004-2025,False,False,False
Hasakah,2016,310.94,19.613196721311475,27.115027322404373,0.5119672131147541,0.7891256830601092,26,1.2288171701011439,0.6595416611802968,2004-2025,False,False,False
Hasakah,2017,239.49,19.018794520547946,26.928191780821916,0.4975068493150685,0.6295616438356164,14,0.31563880388384424,-0.04626059178678986,2004-2025,False,False,False
Hasakah,2018,170.9,20.377589041095888,27.887452054794522,0.47391780821917806,0.46128767123287673,40,-0.5609868663589073,1.5671927781538857,2004-2025,True,False,True
Hasakah,2019,475.01,19.015643835616437,25.924986301369866,0.5831780821917809,1.111095890410959,10,3.3257405367249695,-0.05000176320269601,2004-2025,False,False,False
Hasakah,2020,303.81,19.674726775956284,27.13188524590164,0.5216393442622951,0.7662568306010928,25,1.1376910434233365,0.7326033879668218,2004-2025,False,False,False
Hasakah,2021,136.68,20.49380821917808,28.219643835616438,0.4778904109589041,0.36638356164383556,21,-0.9983411517606706,1.7051932055127144,2004-2025,True,False,True
Hasakah,2022,199.14,19.470712328767124,27.217205479452055,0.48235616438356166,0.5312876712328767,20,-0.20006094526756324,0.49035351695527674,2004-2025,False,False,False
Hasakah,2023,309.01,20.011150684931508,27.555150684931505,0.5170958904109589,0.712876712328767,32,1.2041504906497877,1.132078276521569,2004-2025,False,False,False
Hasakah,2024,377.31,20.96685792349727,28.172677595628418,0.5409289617486338,0.9411475409836065,16,2.077069768643372,2.2668996504838423,2004-2025,False,False,False
Hasakah,2025,183.36,20.002301369863012,27.86287671232877,0.47786301369863016,0.502027397260274,23,-0.4017398062739868,1.121570464631679,2004-2025,False,False,False
Homs,1982,294.21,15.322027397260275,23.1933698630137,0.5283835616438357,0.7485205479452054,10,0.8286053674872241,-1.491926133603194,1982-2003,False,False,False
Homs,1983,225.23,14.51290410958904,22.165753424657535,0.5082465753424658,0.5898904109589042,15,-0.08169593700790297,-2.511183049833182,1982-2003,False,False,False
Homs,1984,183.22,15.89120218579235,23.88169398907104,0.4848360655737705,0.4875956284153006,26,-0.6360850034306383,-0.7749336201077948,1982-2003,True,False,False
Homs,1985,224.10999999999999,15.884191780821917,23.78972602739726,0.5168219178082192,0.576082191780822,21,-0.0964761263531414,-0.7837646645982491,1982-2003,False,False,False
Homs,1986,159.82,16.366520547945203,24.45695890410959,0.48249315068493154,0.42712328767123287,21,-0.9448853879650829,-0.17617254695937476,1982-2003,True,False,False
Homs,1987,194.76,15.930547945205479,24.07923287671233,0.4972328767123288,0.5136438356164383,19,-0.4837962667841646,-0.7253695573534329,1982-2003,False,False,False
Homs,1988,208.05,16.106639344262295,23.878278688524592,0.4939890710382514,0.5447540983606557,28,-0.3084134842857555,-0.5035462838028116,1982-2003,False,False,False
Homs,1989,103.5,16.03435616438356,24.24421917808219,0.4755068493150685,0.28443835616438357,50,-1.6881177664684979,-0.5946017905977571,1982-2003,True,True,False
Homs,1990,131.29,15.540438356164383,23.69013698630137,0.4709041095890411,0.3572054794520548,23,-1.3213843183397709,-1.216792685047835,1982-2003,True,True,False
Homs,1991,184.02,16.117616438356166,24.234931506849314,0.4818630136986301,0.48578082191780825,21,-0.6255277253268965,-0.48971837989031,1982-2003,True,False,False
Homs,1992,247.75,14.477322404371584,21.95191256830601,0.5172404371584699,0.6371584699453552,13,0.21549144161242575,-2.556005513463577,1982-2003,False,False,False
Homs,1993,227.32999999999998,15.440904109589042,23.2332602739726,0.5148767123287672,0.5912054794520548,17,-0.053983081985581105,-1.3421765057454786,1982-2003,False,False,False
Homs,1994,200.32,17.01591780821918,24.742821917808218,0.49254794520547945,0.5181917808219177,17,-0.4104231839631598,0.6418766415890109,1982-2003,False,False,False
Homs,1995,195.64,16.39427397260274,24.111479452054795,0.5065205479452055,0.5224109589041096,17,-0.4721832608700488,-0.1412114100568909,1982-2003,False,False,False
Homs,1996,191.11,16.427213114754096,24.32762295081967,0.49904371584699453,0.5,19,-0.5319638481324858,-0.099717797199595,1982-2003,True,False,False
Homs,1997,245.95,15.669753424657534,23.417068493150683,0.5128767123287671,0.631972602739726,16,0.1917375658790068,-1.0538938043176165,1982-2003,False,False,False
Homs,1998,244.60999999999999,16.48041095890411,24.228794520547947,0.5126027397260274,0.6457534246575343,22,0.17405412505523943,-0.032704189502695415,1982-2003,False,False,False
Homs,1999,132.86,17.278383561643835,25.51208219178082,0.47460273972602735,0.3603013698630137,17,-1.3006656600611777,0.9725061495117834,1982-2003,True,True,True
Homs,2000,168.32999999999998,16.52822404371585,24.761639344262296,0.48303278688524587,0.4412021857923497,18,-0.8325823421365308,0.027526208167502664,1982-2003,True,False,False
Homs,2001,194.42,16.882931506849317,24.90194520547945,0.490027397260274,0.5207945205479452,28,-0.48828310997825486,0.47435308924484365,1982-2003,False,False,False
Homs,2002,182.1,16.319369863013698,24.29964383561644,0.4898904109589041,0.4904383561643835,15,-0.6508651927758768,-0.23556851597138703,1982-2003,True,False,False
Homs,2003,286.28,16.344438356164385,24.110575342465754,0.5205479452054794,0.722,11,0.7239563482838846,-0.20398960159253854,1982-2003,False,False,False
Homs,2004,225.75,16.518497267759564,24.602622950819672,0.5087978142076502,0.5833879781420765,13,-0.07483370624047074,0.015273336674214181,2004-2025,False,False,False
Homs,2005,140.54,16.451671232876713,24.471150684931505,0.47580821917808225,0.3611780821917809,24,-1.1993157902652576,-0.06890777549549057,2004-2025,True,True,False
Homs,2006,182.95000000000002,16.8246301369863,25.05772602739726,0.4859178082191781,0.5047123287671232,24,-0.6396480847906509,0.40091054301731754,2004-2025,True,False,False
Homs,2007,265.65,16.08454794520548,24.01249315068493,0.5067671232876713,0.6911232876712329,36,0.4517105391836458,-0.5313749368906031,2004-2025,False,False,False
Homs,2008,205.98,16.842704918032787,24.975218579234973,0.5004918032786886,0.5010928961748634,16,-0.3357304413791874,0.423679440998239,2004-2025,False,False,False
Homs,2009,269.39,16.29564383561644,24.051452054794524,0.5074520547945205,0.7214794520547945,12,0.5010658143186383,-0.2654563190884134,2004-2025,False,False,False
Homs,2010,240.84,17.9646301369863,25.910164383561643,0.5166575342465753,0.6322465753424658,17,0.12430295199135695,1.8369746165733318,2004-2025,False,False,False
Homs,2011,310.79,16.897205479452055,24.764328767123285,0.5238630136986302,0.7557260273972602,35,1.0474049561872711,0.49233408857968025,2004-2025,False,False,False
Homs,2012,331.3,15.784590163934427,23.597786885245903,0.5497540983606558,0.8528142076502732,18,1.3180671735719487,-0.9092333520370339,2004-2025,False,False,False
Homs,2013,368.59,16.78435616438356,24.521287671232876,0.5541917808219178,0.8967397260273973,14,1.8101682991826078,0.35017720516277817,2004-2025,False,False,False
Homs,2014,116.02,16.905479452054795,24.981506849315068,0.4716164383561644,0.3261369863013699,32,-1.5228963641449405,0.5027568559484368,2004-2025,True,True,True
Homs,2015,244.39,16.774109589041096,24.71441095890411,0.5040547945205479,0.6502465753424658,18,0.17115087357671047,0.33726953961339456,2004-2025,False,False,False
Homs,2016,242.7,17.253060109289617,25.21639344262295,0.5036612021857924,0.6356830601092897,26,0.14884862358255618,0.9406060616659059,2004-2025,False,False,False
Homs,2017,178.28,16.800465753424657,25.113041095890413,0.5048493150684932,0.4674246575342466,27,-0.7012761957212433,0.3704705403045948,2004-2025,True,False,False
Homs,2018,269.5,17.624767123287672,25.523890410958902,0.5069315068493151,0.6981369863013699,30,0.502517440057903,1.4088473675355453,2004-2025,False,False,False
Homs,2019,384.11,16.671780821917807,24.21090410958904,0.5702739726027397,0.9251506849315069,11,2.014979494395197,0.208365446493188,2004-2025,False,False,False
Homs,2020,327.73,17.145491803278688,24.818387978142077,0.5481420765027323,0.8137704918032787,11,1.2709553200340016,0.8051016934943491,2004-2025,False,False,False
Homs,2021,230.29999999999998,17.755698630136987,25.884986301369864,0.5084109589041096,0.5848219178082192,27,-0.014789187025440097,1.573782484274891,2004-2025,False,False,False
Homs,2022,257.17,16.934520547945205,24.98145205479452,0.5131506849315068,0.6695342465753424,22,0.33980339128398435,0.5393400791632724,2004-2025,False,False,False
Homs,2023,290.63,17.427616438356164,25.434794520547946,0.5045479452054794,0.6697808219178082,31,0.7813615479729803,1.1604955993714234,2004-2025,False,False,False
Homs,2024,501.24,18.208907103825137,25.671775956284154,0.5574316939890711,0.8735245901639344,13,3.5606969747592774,2.1446916131298983,2004-2025,False,False,False
Homs,2025,173.75,17.364438356164385,25.397479452054796,0.48673972602739723,0.47898630136986303,35,-0.7610567829836806,1.080909832641789,2004-2025,True,False,True
Latakia,1982,540.11,20.076821917808218,21.426164383561645,0.5222465753424658,1.2766301369863013,8,-0.4623959700806917,-0.7761577119289133,1982-2003,False,False,False
Latakia,1983,621.61,19.420712328767124,20.693397260273972,0.5446575342465754,1.4433424657534248,15,0.012392699232491325,-1.8453158221966657,1982-2003,False,False,False
Latakia,1984,605.42,20.339890710382512,21.682131147540982,0.5367213114754098,1.4203551912568306,23,-0.08192421556726892,-0.34747607423144,1982-2003,False,False,False
Latakia,1985,613.42,19.964602739726026,21.42695890410959,0.5637808219178082,1.371890410958904,20,-0.03531919281260064,-0.9590235721116734,1982-2003,False,False,False
Latakia,1986,571.48,20.28378082191781,21.695972602739726,0.5370958904109588,1.3593150684931505,15,-0.2796460246039487,-0.4389094922461548,1982-2003,False,False,False
Latakia,1987,658.35,19.900986301369862,21.311150684931505,0.5543561643835616,1.5075890410958903,29,0.22642626623330545,-1.0626892282016056,1982-2003,False,False,False
Latakia,1988,591.02,20.273333333333333,21.696803278688524,0.5356284153005464,1.3862841530054644,27,-0.1658132565256717,-0.45593411334389916,1982-2003,False,False,False
Latakia,1989,358.5,20.03731506849315,21.53290410958904,0.48153424657534244,0.8991506849315068,25,-1.520388242890105,-0.8405357808702053,1982-2003,True,True,False
Latakia,1990,392.07,19.77868493150685,21.18123287671233,0.48134246575342465,0.9803287671232876,18,-1.3248219161558283,-1.2619844430101594,1982-2003,True,True,False
Latakia,1991,417.0,20.03958904109589,21.468301369863013,0.4742191780821918,1.034986301369863,13,-1.1795890139965932,-0.8368302470823212,1982-2003,True,True,False
Latakia,1992,739.98,19.35704918032787,20.72620218579235,0.5937704918032787,1.617049180327869,12,0.7019722671662518,-1.9490575943272737,1982-2003,False,False,False
Latakia,1993,514.25,19.579808219178084,20.949479452054796,0.5220821917808219,1.240054794520548,16,-0.613046706135157,-1.586062392001038,1982-2003,True,False,False
Latakia,1994,484.03,20.76309589041096,22.224438356164384,0.4956712328767123,1.1485479452054794,16,-0.7890971795909166,0.34215452726004086,1982-2003,True,False,False
Latakia,1995,561.43,20.43145205479452,21.721397260273974,0.5468493150684931,1.3265479452054794,12,-0.33819358443950115,-0.19827302096073893,1982-2003,False,False,False
Latakia,1996,617.1,19.964918032786883,21.350628415300545,0.5550546448087432,1.425928961748634,14,-0.013880882345452863,-0.9585097888371141,1982-2003,False,False,False
Latakia,1997,654.41,19.913780821917808,21.27131506849315,0.5563287671232877,1.4764383561643835,14,0.203473292526631,-1.041840020021588,1982-2003,False,False,False
Latakia,1998,722.11,20.15128767123288,21.61849315068493,0.5953150684931506,1.6825479452054795,11,0.5978682975880115,-0.6548126416220856,1982-2003,False,False,False
Latakia,1999,643.59,21.06660273972603,22.40421917808219,0.5499178082191781,1.4787671232876711,16,0.14043999925094253,0.836731675478943,1982-2003,False,False,False
Latakia,2000,612.53,20.43445355191257,21.78486338797814,0.5341530054644809,1.4136612021857924,17,-0.040504001594057405,-0.1933819554431664,1982-2003,False,False,False
Latakia,2001,581.38,20.816356164383564,22.22635616438356,0.5233698630136986,1.4075342465753424,21,-0.22197230894504688,0.42894437887022063,1982-2003,False,False,False
Latakia,2002,858.5,20.532438356164384,21.8806301369863,0.6245479452054795,1.7226575342465753,16,1.3924256792766623,-0.03371160479041075,1982-2003,False,False,False
Latakia,2003,848.81,20.634986301369864,22.022849315068495,0.5923561643835616,1.6901917808219178,10,1.33597534546507,0.133394575547497,1982-2003,False,False,False
Latakia,2004,757.8199999999999,20.24948087431694,21.644371584699453,0.5894808743169399,1.4735245901639342,13,0.8059014679091616,-0.4948026963263194,2004-2025,False,False,False
Latakia,2005,561.6899999999999,20.426027397260274,21.82641095890411,0.5235342465753424,1.289917808219178,11,-0.3366789211999745,-0.2071127280691809,2004-2025,False,False,False
Latakia,2006,547.06,20.323068493150686,21.72953424657534,0.5257260273972603,1.3520547945205479,22,-0.42190785656257407,-0.37488858318802976,2004-2025,False,False,False
Latakia,2007,564.68,20.28578082191781,21.71857534246575,0.5306027397260273,1.366109589041096,35,-0.31926029394541716,-0.4356504083122295,2004-2025,False,False,False
Latakia,2008,595.32,20.5398087431694,21.96120218579235,0.5263387978142076,1.2721311475409838,15,-0.1407630567950371,-0.02170124985299825,2004-2025,False,False,False
Latakia,2009,702.78,20.797205479452057,22.12446575342466,0.572027397260274,1.635150684931507,10,0.4852589113570441,0.3977375340782897,2004-2025,False,False,False
Latakia,2010,661.03,21.33378082191781,22.619999999999997,0.589013698630137,1.5386301369863014,17,0.242038948856119,1.272109573062504,2004-2025,False,False,False
Latakia,2011,737.69,21.127013698630137,22.398931506849316,0.560904109589041,1.6404657534246574,35,0.6886315794027282,0.9351738682775196,2004-2025,False,False,False
Latakia,2012,1052.57,20.380928961748634,21.67762295081967,0.6360382513661202,1.7672404371584698,17,2.523005275026471,-0.28060252137966635,2004-2025,False,False,False
Latakia,2013,1143.51,21.09345205479452,22.366520547945203,0.6610684931506849,1.9498904109589041,12,3.052787871190163,0.8804837611671941,2004-2025,False,False,False
Latakia,2014,286.86,20.63164383561644,22.08671232876712,0.4435890410958904,0.8463287671232878,17,-1.9377362216581593,0.127947887329165,2004-2025,True,True,False
Latakia,2015,795.31,20.71386301369863,22.071287671232877,0.601068493150685,1.7206301369863013,13,1.0243042557932258,0.2619274885031046,2004-2025,False,False,False
Latakia,2016,440.73,21.17928961748634,22.597568306010928,0.47797814207650274,1.1356284153005465,16,-1.0413468652505584,1.0203596719151313,2004-2025,True,True,True
Latakia,2017,453.25,20.559616438356166,22.039178082191782,0.5022191780821917,1.0985205479452054,28,-0.9684100046395027,0.010576220722602492,2004-2025,True,False,False
Latakia,2018,645.0600000000001,21.68353424657534,23.018876712328765,0.5365205479452055,1.515041095890411,16,0.14900367218211297,1.842047456630154,2004-2025,False,False,False
Latakia,2019,852.15,20.975397260273972,22.279890410958902,0.6043013698630136,1.7373698630136987,10,1.3554329424651441,0.6881085190950508,2004-2025,False,False,False
Latakia,2020,685.43,21.160792349726776,22.59322404371585,0.5717486338797814,1.5071857923497267,12,0.3841842682578571,0.9902175978268144,2004-2025,False,False,False
Latakia,2021,502.14,21.576301369863014,22.94312328767123,0.5002739726027398,1.1771232876712328,20,-0.6835950593300362,1.6673069837895016,2004-2025,True,False,True
Latakia,2022,574.01,20.839232876712327,22.212164383561642,0.5256986301369863,1.3585479452054794,16,-0.264907186157785,0.4662229416760258,2004-2025,False,False,False
Latakia,2023,459.4,21.243342465753425,22.66339726027397,0.47964383561643836,1.1354794520547944,33,-0.9325823933968516,1.124736476269708,2004-2025,True,False,True
Latakia,2024,721.75,22.32431693989071,23.53707650273224,0.553879781420765,1.5493169398907103,12,0.5957710715640514,2.8862297470896086,2004-2025,False,False,False
Latakia,2025,309.9,21.13172602739726,22.494054794520547,0.45304109589041097,0.8253972602739725,35,-1.803513756124715,0.9428528057656629,2004-2025,True,True,True
Raqqa,1982,248.15,17.84972602739726,24.833013698630136,0.5139452054794521,0.6452602739726028,16,0.04630150757744452,-1.2645460330988314,1982-2003,False,False,False
Raqqa,1983,257.44,17.067260273972604,23.903534246575344,0.511013698630137,0.6696712328767124,22,0.14067771300955875,-2.2533484980711873,1982-2003,False,False,False
Raqqa,1984,121.03,18.80827868852459,26.04729508196721,0.4733879781420765,0.3274863387978142,30,-1.2450981947401414,-0.05322243205923329,1982-2003,True,True,False
Raqqa,1985,206.15,18.18495890410959,25.322027397260275,0.5066849315068493,0.5376438356164384,29,-0.3803724028799076,-0.8409120358508702,1982-2003,False,False,False
Raqqa,1986,202.88,18.814821917808217,25.909698630136983,0.4984383561643836,0.5287671232876713,18,-0.41359201447980154,-0.04495374909616314,1982-2003,False,False,False
Raqqa,1987,174.28,18.258520547945203,25.37912328767123,0.4931780821917808,0.4586849315068493,19,-0.7041366296959984,-0.7479521402468544,1982-2003,True,False,False
Raqqa,1988,274.7,18.11773224043716,24.874153005464482,0.5214754098360657,0.6980054644808743,28,0.3160203724022705,-0.925866413036358,1982-2003,False,False,False
Raqqa,1989,85.74,18.48361643835616,25.805150684931505,0.46887671232876715,0.23463013698630136,28,-1.6036058685506167,-0.4634983218920615,1982-2003,True,True,False
Raqqa,1990,121.89,18.166301369863014,25.396054794520545,0.47756164383561645,0.3291232876712329,18,-1.2363615384783955,-0.8644895736185931,1982-2003,True,True,False
Raqqa,1991,150.10999999999999,18.44153424657534,25.7426301369863,0.47498630136986303,0.4030410958904109,21,-0.9496773062615748,-0.5166776141258681,1982-2003,True,False,False
Raqqa,1992,181.22,17.051994535519125,23.919398907103826,0.49775956284153006,0.47114754098360656,22,-0.633633845444236,-2.272639821360874,1982-2003,True,False,False
Raqqa,1993,247.6,17.78558904109589,24.887753424657536,0.5098082191780823,0.6426575342465753,19,0.04071411113097908,-1.3455959830463216,1982-2003,False,False,False
Raqqa,1994,185.93,19.785671232876712,27.04227397260274,0.49112328767123287,0.4851780821917808,18,-0.5857854140572328,1.1819091412666005,1982-2003,True,False,True
Raqqa,1995,197.65,19.212054794520547,26.203726027397263,0.5040821917808219,0.5193972602739726,33,-0.46672307523437173,0.4570296871655406,1982-2003,False,False,False
Raqqa,1996,253.81,18.847950819672132,25.870601092896173,0.5074043715846994,0.6491256830601093,21,0.10380089646288765,-0.0030887349642438164,1982-2003,False,False,False
Raqqa,1997,273.7,18.067068493150682,24.947835616438354,0.5152602739726028,0.689945205479452,17,0.3058614697723336,-0.9898902223626403,1982-2003,False,False,False
Raqqa,1998,291.93,18.72378082191781,25.638657534246576,0.5264657534246575,0.7594520547945205,25,0.49105826471608444,-0.16000243926083446,1982-2003,False,False,False
Raqqa,1999,162.4,20.017561643835617,27.195150684931505,0.4865753424657534,0.42934246575342466,28,-0.8248243929396494,1.4749491995133106,1982-2003,True,False,True
Raqqa,2000,186.19,18.91808743169399,26.17808743169399,0.4893169398907104,0.4860655737704918,18,-0.5831440993734494,0.08554294578151488,1982-2003,True,False,False
Raqqa,2001,257.81,19.14435616438356,26.218849315068493,0.5126301369863014,0.6666027397260273,28,0.14443650698263547,0.3714788856618027,1982-2003,False,False,False
Raqqa,2002,295.96,18.32915068493151,25.372739726027394,0.5286027397260273,0.7492054794520547,20,0.53199864231473,-0.6586967916929709,1982-2003,False,False,False
Raqqa,2003,257.17,18.487561643835615,25.557643835616442,0.5107123287671232,0.6586301369863014,12,0.13793480929947596,-0.45851276324513995,1982-2003,False,False,False
Raqqa,2004,281.42,18.49546448087432,25.565956284153003,0.5236612021857924,0.714207650273224,25,0.3842881980754471,-0.4485259431064402,2004-2025,False,False,False
Raqqa,2005,208.79,18.500383561643837,25.641616438356166,0.5096986301369862,0.5384657534246575,21,-0.35355289993687417,-0.4423096976426492,2004-2025,False,False,False
Raqqa,2006,255.07,18.74150684931507,25.953095890410957,0.5095068493150685,0.6576438356164384,24,0.11660111377660813,-0.13760204728474626,2004-2025,False,False,False
Raqqa,2007,216.98,18.544082191780824,25.797534246575342,0.49706849315068496,0.5779726027397261,41,-0.27035148739769055,-0.38708771124100577,2004-2025,False,False,False
Raqqa,2008,124.99,19.350956284153003,26.691256830601095,0.47442622950819674,0.3126229508196721,19,-1.204868940325591,0.6325595870183778,2004-2025,True,True,True
Raqqa,2009,170.75,18.76750684931507,25.85471232876712,0.48180821917808225,0.47476712328767123,23,-0.7399975559796759,-0.10474583092414542,2004-2025,True,False,False
Raqqa,2010,169.15,20.43172602739726,27.45953424657534,0.4927945205479452,0.45430136986301367,14,-0.756251800187575,1.9983289916347091,2004-2025,True,False,True
Raqqa,2011,145.66,19.50194520547945,26.652712328767123,0.4775068493150685,0.38600000000000007,40,-0.9948844229647941,0.8233643819089759,2004-2025,True,False,True
Raqqa,2012,225.01,18.169617486338797,25.259207650273225,0.5138524590163934,0.5833606557377049,18,-0.18877549927929677,-0.8602989951414662,2004-2025,False,False,False
Raqqa,2013,341.98,19.168,25.998109589041096,0.5380273972602739,0.8593424657534248,17,0.9995113413444292,0.40135761560827327,2004-2025,False,False,False
Raqqa,2014,200.39000000000001,18.97205479452055,26.187205479452054,0.48578082191780825,0.5152602739726028,17,-0.4388876820283444,0.15374153614460942,2004-2025,False,False,False
Raqqa,2015,353.64,18.80339726027397,25.73983561643836,0.542,0.9066575342465754,15,1.1179641460094938,-0.059391096011199476,2004-2025,False,False,False
Raqqa,2016,252.94,19.54786885245902,26.578442622950817,0.5090710382513661,0.6526775956284153,27,0.09496265117484246,0.881398123494688,2004-2025,False,False,False
Raqqa,2017,273.77,18.650191780821917,25.933698630136984,0.5197534246575343,0.710986301369863,34,0.3065725929564291,-0.25299695679990475,2004-2025,False,False,False
Raqqa,2018,326.34000000000003,19.716876712328766,26.64391780821918,0.5154246575342466,0.833972602739726,18,0.8406261042122153,1.094973462360941,2004-2025,False,False,False
Raqqa,2019,683.52,18.632931506849317,25.037123287671232,0.6655342465753425,1.44413698630137,10,4.469182945573096,-0.2748087758801733,2004-2025,False,False,False
Raqqa,2020,404.65999999999997,19.348196721311474,26.244371584699454,0.5629508196721311,0.9831967213114755,24,1.636271358188877,0.6290723257190718,2004-2025,False,False,False
Raqqa,2021,300.86,19.810027397260274,26.934931506849313,0.533013698630137,0.6812602739726027,21,0.5817772652014215,1.2126880415243189,2004-2025,False,False,False
Raqqa,2022,245.63,19.243342465753425,26.480904109589044,0.5001369863013699,0.6412602739726028,18,0.020701072950003292,0.49656793699041735,2004-2025,False,False,False
Raqqa,2023,317.18,19.775616438356167,26.87854794520548,0.5251506849315069,0.7857260273972604,34,0.7475705561219925,1.1692028911039687,2004-2025,False,False,False
Raqqa,2024,381.0,20.939863387978143,27.75079234972678,0.5482513661202185,0.9292896174863388,13,1.395911721964569,2.6404624939481796,2004-2025,False,False,False
Raqqa,2025,204.59,19.742246575342467,27.15854794520548,0.4993424657534247,0.5454246575342466,25,-0.3962202909826093,1.1270333742154397,2004-2025,False,False,False
